{"val_loss": [0.4317342584133148, 0.41889124324321747, 0.38234706196784973], "val_acc": [0.8482, 0.8503, 0.8627], "loss": [0.5209105129241943, 0.388372994407018, 0.3480738332867622], "acc": [0.81805, 0.8627333333333334, 0.8753166666666666]}
